--------------------------------------------------------
--  파일이 생성됨 - 화요일-8월-17-2021   
--------------------------------------------------------
--------------------------------------------------------
--  DDL for Sequence SEQ_CATEGORY_NO
--------------------------------------------------------

   CREATE SEQUENCE  "JBLOG"."SEQ_CATEGORY_NO"  MINVALUE 1 MAXVALUE 9999999999999999999999999999 INCREMENT BY 1 START WITH 21 NOCACHE  NOORDER  NOCYCLE ;
--------------------------------------------------------
--  DDL for Sequence SEQ_COMMENTS_NO
--------------------------------------------------------

   CREATE SEQUENCE  "JBLOG"."SEQ_COMMENTS_NO"  MINVALUE 1 MAXVALUE 9999999999999999999999999999 INCREMENT BY 1 START WITH 1 NOCACHE  NOORDER  NOCYCLE ;
--------------------------------------------------------
--  DDL for Sequence SEQ_POST_NO
--------------------------------------------------------

   CREATE SEQUENCE  "JBLOG"."SEQ_POST_NO"  MINVALUE 1 MAXVALUE 9999999999999999999999999999 INCREMENT BY 1 START WITH 16 NOCACHE  NOORDER  NOCYCLE ;
--------------------------------------------------------
--  DDL for Sequence SEQ_USERS_NO
--------------------------------------------------------

   CREATE SEQUENCE  "JBLOG"."SEQ_USERS_NO"  MINVALUE 1 MAXVALUE 9999999999999999999999999999 INCREMENT BY 1 START WITH 5 NOCACHE  NOORDER  NOCYCLE ;
--------------------------------------------------------
--  DDL for Table BLOG
--------------------------------------------------------

  CREATE TABLE "JBLOG"."BLOG" 
   (	"ID" VARCHAR2(50 BYTE), 
	"BLOGTITLE" VARCHAR2(200 BYTE), 
	"LOGOFILE" VARCHAR2(200 BYTE)
   ) SEGMENT CREATION IMMEDIATE 
  PCTFREE 10 PCTUSED 40 INITRANS 1 MAXTRANS 255 NOCOMPRESS LOGGING
  STORAGE(INITIAL 65536 NEXT 1048576 MINEXTENTS 1 MAXEXTENTS 2147483645
  PCTINCREASE 0 FREELISTS 1 FREELIST GROUPS 1 BUFFER_POOL DEFAULT FLASH_CACHE DEFAULT CELL_FLASH_CACHE DEFAULT)
  TABLESPACE "SYSTEM" ;
--------------------------------------------------------
--  DDL for Table CATEGORY
--------------------------------------------------------

  CREATE TABLE "JBLOG"."CATEGORY" 
   (	"CATENO" NUMBER, 
	"ID" VARCHAR2(50 BYTE), 
	"CATENAME" VARCHAR2(200 BYTE), 
	"DESCRIPTION" VARCHAR2(500 BYTE), 
	"REGDATE" DATE
   ) SEGMENT CREATION IMMEDIATE 
  PCTFREE 10 PCTUSED 40 INITRANS 1 MAXTRANS 255 NOCOMPRESS LOGGING
  STORAGE(INITIAL 65536 NEXT 1048576 MINEXTENTS 1 MAXEXTENTS 2147483645
  PCTINCREASE 0 FREELISTS 1 FREELIST GROUPS 1 BUFFER_POOL DEFAULT FLASH_CACHE DEFAULT CELL_FLASH_CACHE DEFAULT)
  TABLESPACE "SYSTEM" ;
--------------------------------------------------------
--  DDL for Table COMMENTS
--------------------------------------------------------

  CREATE TABLE "JBLOG"."COMMENTS" 
   (	"CMTNO" NUMBER, 
	"POSTNO" NUMBER, 
	"USERNO" NUMBER, 
	"CMTCONTENT" VARCHAR2(1000 BYTE), 
	"REGDATE" DATE
   ) SEGMENT CREATION IMMEDIATE 
  PCTFREE 10 PCTUSED 40 INITRANS 1 MAXTRANS 255 NOCOMPRESS LOGGING
  STORAGE(INITIAL 65536 NEXT 1048576 MINEXTENTS 1 MAXEXTENTS 2147483645
  PCTINCREASE 0 FREELISTS 1 FREELIST GROUPS 1 BUFFER_POOL DEFAULT FLASH_CACHE DEFAULT CELL_FLASH_CACHE DEFAULT)
  TABLESPACE "SYSTEM" ;
--------------------------------------------------------
--  DDL for Table POST
--------------------------------------------------------

  CREATE TABLE "JBLOG"."POST" 
   (	"POSTNO" NUMBER, 
	"CATENO" NUMBER, 
	"POSTTITLE" VARCHAR2(300 BYTE), 
	"POSTCONTENT" VARCHAR2(4000 BYTE), 
	"REGDATE" DATE
   ) SEGMENT CREATION IMMEDIATE 
  PCTFREE 10 PCTUSED 40 INITRANS 1 MAXTRANS 255 NOCOMPRESS LOGGING
  STORAGE(INITIAL 65536 NEXT 1048576 MINEXTENTS 1 MAXEXTENTS 2147483645
  PCTINCREASE 0 FREELISTS 1 FREELIST GROUPS 1 BUFFER_POOL DEFAULT FLASH_CACHE DEFAULT CELL_FLASH_CACHE DEFAULT)
  TABLESPACE "SYSTEM" ;
--------------------------------------------------------
--  DDL for Table USERS
--------------------------------------------------------

  CREATE TABLE "JBLOG"."USERS" 
   (	"USERNO" NUMBER, 
	"ID" VARCHAR2(50 BYTE), 
	"USERNAME" VARCHAR2(100 BYTE), 
	"PASSWORD" VARCHAR2(50 BYTE), 
	"JOINDATE" DATE
   ) SEGMENT CREATION IMMEDIATE 
  PCTFREE 10 PCTUSED 40 INITRANS 1 MAXTRANS 255 NOCOMPRESS LOGGING
  STORAGE(INITIAL 65536 NEXT 1048576 MINEXTENTS 1 MAXEXTENTS 2147483645
  PCTINCREASE 0 FREELISTS 1 FREELIST GROUPS 1 BUFFER_POOL DEFAULT FLASH_CACHE DEFAULT CELL_FLASH_CACHE DEFAULT)
  TABLESPACE "SYSTEM" ;
REM INSERTING into JBLOG.BLOG
SET DEFINE OFF;
Insert into JBLOG.BLOG (ID,BLOGTITLE,LOGOFILE) values ('hogenie93','이호진의 블로그 입니다','16286929631387a184efe-d306-4f28-9f0b-bd73280886d0.jpg');
Insert into JBLOG.BLOG (ID,BLOGTITLE,LOGOFILE) values ('asd','asd의 블로그 입니다','1628692783121b5dc5707-0b5f-4fc1-9c03-5d586b818358.jpg');
Insert into JBLOG.BLOG (ID,BLOGTITLE,LOGOFILE) values ('id','name의 블로그 입니다','1628728943782bad3e534-13b8-42ec-985d-b55365b4e94e.png');
Insert into JBLOG.BLOG (ID,BLOGTITLE,LOGOFILE) values ('아이디','이름의 블로그 입니다','162869362752920dc2c35-63a9-4780-98bb-02d3414c2c9a.jpg');
REM INSERTING into JBLOG.CATEGORY
SET DEFINE OFF;
Insert into JBLOG.CATEGORY (CATENO,ID,CATENAME,DESCRIPTION,REGDATE) values (1,'hogenie93','미분류','기본으로 생성되는 카테고리 입니다.',to_date('21/08/11','RR/MM/DD'));
Insert into JBLOG.CATEGORY (CATENO,ID,CATENAME,DESCRIPTION,REGDATE) values (2,'asd','미분류','기본으로 생성되는 카테고리 입니다.',to_date('21/08/11','RR/MM/DD'));
Insert into JBLOG.CATEGORY (CATENO,ID,CATENAME,DESCRIPTION,REGDATE) values (3,'id','미분류','기본으로 생성되는 카테고리 입니다.',to_date('21/08/11','RR/MM/DD'));
Insert into JBLOG.CATEGORY (CATENO,ID,CATENAME,DESCRIPTION,REGDATE) values (4,'아이디','미분류','기본으로 생성되는 카테고리 입니다.',to_date('21/08/11','RR/MM/DD'));
Insert into JBLOG.CATEGORY (CATENO,ID,CATENAME,DESCRIPTION,REGDATE) values (5,'hogenie93','asd','asd',to_date('21/08/11','RR/MM/DD'));
Insert into JBLOG.CATEGORY (CATENO,ID,CATENAME,DESCRIPTION,REGDATE) values (7,'asd','asd','asd',to_date('21/08/12','RR/MM/DD'));
Insert into JBLOG.CATEGORY (CATENO,ID,CATENAME,DESCRIPTION,REGDATE) values (8,'asd','asdasd','asdasd',to_date('21/08/12','RR/MM/DD'));
Insert into JBLOG.CATEGORY (CATENO,ID,CATENAME,DESCRIPTION,REGDATE) values (9,'asd','asdasd1','asdasd1',to_date('21/08/12','RR/MM/DD'));
Insert into JBLOG.CATEGORY (CATENO,ID,CATENAME,DESCRIPTION,REGDATE) values (10,'asd','1','1',to_date('21/08/12','RR/MM/DD'));
Insert into JBLOG.CATEGORY (CATENO,ID,CATENAME,DESCRIPTION,REGDATE) values (11,'hogenie93','카테1','카테1',to_date('21/08/12','RR/MM/DD'));
Insert into JBLOG.CATEGORY (CATENO,ID,CATENAME,DESCRIPTION,REGDATE) values (12,'hogenie93','cate1','cate1',to_date('21/08/12','RR/MM/DD'));
Insert into JBLOG.CATEGORY (CATENO,ID,CATENAME,DESCRIPTION,REGDATE) values (13,'hogenie93','카테고리1','카테고리1',to_date('21/08/12','RR/MM/DD'));
Insert into JBLOG.CATEGORY (CATENO,ID,CATENAME,DESCRIPTION,REGDATE) values (14,'hogenie93','category1','category1',to_date('21/08/12','RR/MM/DD'));
Insert into JBLOG.CATEGORY (CATENO,ID,CATENAME,DESCRIPTION,REGDATE) values (15,'asd','asd','asd',to_date('21/08/12','RR/MM/DD'));
Insert into JBLOG.CATEGORY (CATENO,ID,CATENAME,DESCRIPTION,REGDATE) values (16,'id','asd','asd',to_date('21/08/12','RR/MM/DD'));
Insert into JBLOG.CATEGORY (CATENO,ID,CATENAME,DESCRIPTION,REGDATE) values (17,'아이디','qw','qwe',to_date('21/08/12','RR/MM/DD'));
Insert into JBLOG.CATEGORY (CATENO,ID,CATENAME,DESCRIPTION,REGDATE) values (18,'asd','qwe','qwe',to_date('21/08/12','RR/MM/DD'));
Insert into JBLOG.CATEGORY (CATENO,ID,CATENAME,DESCRIPTION,REGDATE) values (19,'hogenie93','1','1',to_date('21/08/12','RR/MM/DD'));
Insert into JBLOG.CATEGORY (CATENO,ID,CATENAME,DESCRIPTION,REGDATE) values (20,'asd','wreg','weg',to_date('21/08/12','RR/MM/DD'));
REM INSERTING into JBLOG.COMMENTS
SET DEFINE OFF;
REM INSERTING into JBLOG.POST
SET DEFINE OFF;
Insert into JBLOG.POST (POSTNO,CATENO,POSTTITLE,POSTCONTENT,REGDATE) values (1,7,'asdPostTitle1','asdPostContent1',to_date('21/08/12','RR/MM/DD'));
Insert into JBLOG.POST (POSTNO,CATENO,POSTTITLE,POSTCONTENT,REGDATE) values (2,7,'asd123','asd123',to_date('21/08/12','RR/MM/DD'));
Insert into JBLOG.POST (POSTNO,CATENO,POSTTITLE,POSTCONTENT,REGDATE) values (3,10,'123','qwe',to_date('21/08/12','RR/MM/DD'));
Insert into JBLOG.POST (POSTNO,CATENO,POSTTITLE,POSTCONTENT,REGDATE) values (4,8,'ftj','ftj',to_date('21/08/12','RR/MM/DD'));
Insert into JBLOG.POST (POSTNO,CATENO,POSTTITLE,POSTCONTENT,REGDATE) values (5,20,'111111111','111111111111',to_date('21/08/15','RR/MM/DD'));
Insert into JBLOG.POST (POSTNO,CATENO,POSTTITLE,POSTCONTENT,REGDATE) values (6,10,'2222222222','22222222222',to_date('21/08/15','RR/MM/DD'));
Insert into JBLOG.POST (POSTNO,CATENO,POSTTITLE,POSTCONTENT,REGDATE) values (7,2,'seg','seg',to_date('21/08/15','RR/MM/DD'));
Insert into JBLOG.POST (POSTNO,CATENO,POSTTITLE,POSTCONTENT,REGDATE) values (8,2,'qef','qef',to_date('21/08/15','RR/MM/DD'));
Insert into JBLOG.POST (POSTNO,CATENO,POSTTITLE,POSTCONTENT,REGDATE) values (9,2,'1231','12',to_date('21/08/15','RR/MM/DD'));
Insert into JBLOG.POST (POSTNO,CATENO,POSTTITLE,POSTCONTENT,REGDATE) values (13,20,'weg','werg',to_date('21/08/17','RR/MM/DD'));
Insert into JBLOG.POST (POSTNO,CATENO,POSTTITLE,POSTCONTENT,REGDATE) values (11,2,'aef','aef',to_date('21/08/15','RR/MM/DD'));
Insert into JBLOG.POST (POSTNO,CATENO,POSTTITLE,POSTCONTENT,REGDATE) values (12,20,'asd','asd',to_date('21/08/17','RR/MM/DD'));
Insert into JBLOG.POST (POSTNO,CATENO,POSTTITLE,POSTCONTENT,REGDATE) values (14,20,'qeg','qweg',to_date('21/08/17','RR/MM/DD'));
Insert into JBLOG.POST (POSTNO,CATENO,POSTTITLE,POSTCONTENT,REGDATE) values (15,18,'asef','saef',to_date('21/08/17','RR/MM/DD'));
REM INSERTING into JBLOG.USERS
SET DEFINE OFF;
Insert into JBLOG.USERS (USERNO,ID,USERNAME,PASSWORD,JOINDATE) values (1,'hogenie93','이호진','ghwls1007#',to_date('21/08/11','RR/MM/DD'));
Insert into JBLOG.USERS (USERNO,ID,USERNAME,PASSWORD,JOINDATE) values (2,'asd','asd','asd',to_date('21/08/11','RR/MM/DD'));
Insert into JBLOG.USERS (USERNO,ID,USERNAME,PASSWORD,JOINDATE) values (3,'id','name','password',to_date('21/08/11','RR/MM/DD'));
Insert into JBLOG.USERS (USERNO,ID,USERNAME,PASSWORD,JOINDATE) values (4,'아이디','이름','qlalfqjsgh',to_date('21/08/11','RR/MM/DD'));
--------------------------------------------------------
--  Constraints for Table CATEGORY
--------------------------------------------------------

  ALTER TABLE "JBLOG"."CATEGORY" ADD PRIMARY KEY ("CATENO")
  USING INDEX PCTFREE 10 INITRANS 2 MAXTRANS 255 COMPUTE STATISTICS 
  STORAGE(INITIAL 65536 NEXT 1048576 MINEXTENTS 1 MAXEXTENTS 2147483645
  PCTINCREASE 0 FREELISTS 1 FREELIST GROUPS 1 BUFFER_POOL DEFAULT FLASH_CACHE DEFAULT CELL_FLASH_CACHE DEFAULT)
  TABLESPACE "SYSTEM"  ENABLE;
  ALTER TABLE "JBLOG"."CATEGORY" MODIFY ("REGDATE" NOT NULL ENABLE);
  ALTER TABLE "JBLOG"."CATEGORY" MODIFY ("CATENAME" NOT NULL ENABLE);
--------------------------------------------------------
--  Constraints for Table BLOG
--------------------------------------------------------

  ALTER TABLE "JBLOG"."BLOG" ADD PRIMARY KEY ("ID")
  USING INDEX PCTFREE 10 INITRANS 2 MAXTRANS 255 COMPUTE STATISTICS 
  STORAGE(INITIAL 65536 NEXT 1048576 MINEXTENTS 1 MAXEXTENTS 2147483645
  PCTINCREASE 0 FREELISTS 1 FREELIST GROUPS 1 BUFFER_POOL DEFAULT FLASH_CACHE DEFAULT CELL_FLASH_CACHE DEFAULT)
  TABLESPACE "SYSTEM"  ENABLE;
  ALTER TABLE "JBLOG"."BLOG" MODIFY ("BLOGTITLE" NOT NULL ENABLE);
--------------------------------------------------------
--  Constraints for Table USERS
--------------------------------------------------------

  ALTER TABLE "JBLOG"."USERS" ADD UNIQUE ("ID")
  USING INDEX PCTFREE 10 INITRANS 2 MAXTRANS 255 COMPUTE STATISTICS 
  STORAGE(INITIAL 65536 NEXT 1048576 MINEXTENTS 1 MAXEXTENTS 2147483645
  PCTINCREASE 0 FREELISTS 1 FREELIST GROUPS 1 BUFFER_POOL DEFAULT FLASH_CACHE DEFAULT CELL_FLASH_CACHE DEFAULT)
  TABLESPACE "SYSTEM"  ENABLE;
  ALTER TABLE "JBLOG"."USERS" ADD PRIMARY KEY ("USERNO")
  USING INDEX PCTFREE 10 INITRANS 2 MAXTRANS 255 COMPUTE STATISTICS 
  STORAGE(INITIAL 65536 NEXT 1048576 MINEXTENTS 1 MAXEXTENTS 2147483645
  PCTINCREASE 0 FREELISTS 1 FREELIST GROUPS 1 BUFFER_POOL DEFAULT FLASH_CACHE DEFAULT CELL_FLASH_CACHE DEFAULT)
  TABLESPACE "SYSTEM"  ENABLE;
  ALTER TABLE "JBLOG"."USERS" MODIFY ("JOINDATE" NOT NULL ENABLE);
  ALTER TABLE "JBLOG"."USERS" MODIFY ("PASSWORD" NOT NULL ENABLE);
  ALTER TABLE "JBLOG"."USERS" MODIFY ("USERNAME" NOT NULL ENABLE);
  ALTER TABLE "JBLOG"."USERS" MODIFY ("ID" NOT NULL ENABLE);
--------------------------------------------------------
--  Constraints for Table POST
--------------------------------------------------------

  ALTER TABLE "JBLOG"."POST" ADD PRIMARY KEY ("POSTNO")
  USING INDEX PCTFREE 10 INITRANS 2 MAXTRANS 255 COMPUTE STATISTICS 
  STORAGE(INITIAL 65536 NEXT 1048576 MINEXTENTS 1 MAXEXTENTS 2147483645
  PCTINCREASE 0 FREELISTS 1 FREELIST GROUPS 1 BUFFER_POOL DEFAULT FLASH_CACHE DEFAULT CELL_FLASH_CACHE DEFAULT)
  TABLESPACE "SYSTEM"  ENABLE;
  ALTER TABLE "JBLOG"."POST" MODIFY ("REGDATE" NOT NULL ENABLE);
  ALTER TABLE "JBLOG"."POST" MODIFY ("POSTTITLE" NOT NULL ENABLE);
--------------------------------------------------------
--  Constraints for Table COMMENTS
--------------------------------------------------------

  ALTER TABLE "JBLOG"."COMMENTS" ADD PRIMARY KEY ("CMTNO")
  USING INDEX PCTFREE 10 INITRANS 2 MAXTRANS 255 COMPUTE STATISTICS 
  STORAGE(INITIAL 65536 NEXT 1048576 MINEXTENTS 1 MAXEXTENTS 2147483645
  PCTINCREASE 0 FREELISTS 1 FREELIST GROUPS 1 BUFFER_POOL DEFAULT FLASH_CACHE DEFAULT CELL_FLASH_CACHE DEFAULT)
  TABLESPACE "SYSTEM"  ENABLE;
  ALTER TABLE "JBLOG"."COMMENTS" MODIFY ("REGDATE" NOT NULL ENABLE);
  ALTER TABLE "JBLOG"."COMMENTS" MODIFY ("CMTCONTENT" NOT NULL ENABLE);
--------------------------------------------------------
--  Ref Constraints for Table BLOG
--------------------------------------------------------

  ALTER TABLE "JBLOG"."BLOG" ADD CONSTRAINT "BLOG_FK" FOREIGN KEY ("ID")
	  REFERENCES "JBLOG"."USERS" ("ID") ENABLE;
--------------------------------------------------------
--  Ref Constraints for Table CATEGORY
--------------------------------------------------------

  ALTER TABLE "JBLOG"."CATEGORY" ADD CONSTRAINT "CATEGORY_FK" FOREIGN KEY ("ID")
	  REFERENCES "JBLOG"."BLOG" ("ID") ENABLE;
--------------------------------------------------------
--  Ref Constraints for Table COMMENTS
--------------------------------------------------------

  ALTER TABLE "JBLOG"."COMMENTS" ADD CONSTRAINT "COMMENTS_FK" FOREIGN KEY ("POSTNO")
	  REFERENCES "JBLOG"."POST" ("POSTNO") ENABLE;
  ALTER TABLE "JBLOG"."COMMENTS" ADD FOREIGN KEY ("USERNO")
	  REFERENCES "JBLOG"."USERS" ("USERNO") ENABLE;
--------------------------------------------------------
--  Ref Constraints for Table POST
--------------------------------------------------------

  ALTER TABLE "JBLOG"."POST" ADD CONSTRAINT "POST_FK" FOREIGN KEY ("CATENO")
	  REFERENCES "JBLOG"."CATEGORY" ("CATENO") ENABLE;
